{"links": {"uh": [15.0, 20.0], "dr": 2.5}, "angles": {"t1": [-2.0943951023931953, 0.0], "t2": [-0.8726646259971648, 0.8726646259971648], "dt": 0.17453292519943295}, "loc": {"x": [-10.0, 0, 10.0], "y": [-10.0, 0, 10.0], "z": [10.0, 20.0, 30.0]}}