{"links": {"r1": [20.0, 30.0], "r2": [10.0, 20.0], "r3": [10.0, 15.0], "dr": 1.0}, "angles": {"t1": [-3.141592653589793, 3.141592653589793], "t2": [-1.0471975511965976, 3.141592653589793], "t3": [-3.141592653589793, 3.141592653589793], "t4": [-3.141592653589793, 3.141592653589793], "t5": [-3.141592653589793, 3.141592653589793], "t6": [-3.141592653589793, 3.141592653589793]}}